allele,peptide,n_flank,c_flank
A*02:01,ADVDQDGRVN,QEELDAMIRE,YEEFARMLAQ
A*02:01,ALADVEVTYT,EDVSYESTLK,VQRNILDFPQ
B*27:05,ARTSFFHVKR,QQVRSPVTNI,SNIWLAAVTK
B*27:05,ARTTLLPGLL,SNPKTAEFQV,KTIAANRKMP
C*02:02,GAIGGTPPAF,FGQAATMEGI,NRAAPGAEFA
C*02:02,IAKSGTSEFL,REELVKNLGT,NKMTEAQEDG
A*02:01,ADVDQDGRVN,QEELDAMIRE,YEEFARMLAQ
A*02:01,ALADVEVTYT,EDVSYESTLK,VQRNILDFPQ
B*27:05,ARTSFFHVKR,QQVRSPVTNI,SNIWLAAVTK
B*27:05,ARTTLLPGLL,SNPKTAEFQV,KTIAANRKMP
C*02:02,GAIGGTPPAF,FGQAATMEGI,NRAAPGAEFA
C*02:02,IAKSGTSEFL,REELVKNLGT,NKMTEAQEDG