allele,peptide,n_flank,c_flank,invalid_allele,invalid_aa,invalid_length,train_allele,peptide_length,mhc_pred_0,mhc_pred_0_rank
A*02:01,ADVDQDGRVN,QEELDAMIRE,YEEFARMLAQ,False,False,False,True,10,5.975675344467163,0.0373192535219857
A*02:01,ALADVEVTYT,EDVSYESTLK,VQRNILDFPQ,False,False,False,True,10,-21.601325607299806,0.3599013733949192
B*27:05,ARTSFFHVKR,QQVRSPVTNI,SNIWLAAVTK,False,False,False,True,10,8.002566766738891,0.0214167144232675
B*27:05,ARTTLLPGLL,SNPKTAEFQV,KTIAANRKMP,False,False,False,True,10,4.628237628936768,0.0467190655297429
C*02:02,GAIGGTPPAF,FGQAATMEGI,NRAAPGAEFA,False,False,False,True,10,5.706511402130127,0.039279214323642
C*02:02,IAKSGTSEFL,REELVKNLGT,NKMTEAQEDG,False,False,False,True,10,-11.852437973022461,0.1787907098629233
A*02:01,ADVDQDGRVN,QEELDAMIRE,YEEFARMLAQ,False,False,False,True,10,5.975675344467163,0.0373192535219857
A*02:01,ALADVEVTYT,EDVSYESTLK,VQRNILDFPQ,False,False,False,True,10,-21.601325607299806,0.3599013733949192
B*27:05,ARTSFFHVKR,QQVRSPVTNI,SNIWLAAVTK,False,False,False,True,10,8.002566766738891,0.0214167144232675
B*27:05,ARTTLLPGLL,SNPKTAEFQV,KTIAANRKMP,False,False,False,True,10,4.628237628936768,0.0467190655297429
C*02:02,GAIGGTPPAF,FGQAATMEGI,NRAAPGAEFA,False,False,False,True,10,5.706511402130127,0.039279214323642
C*02:02,IAKSGTSEFL,REELVKNLGT,NKMTEAQEDG,False,False,False,True,10,-11.852437973022461,0.1787907098629233
